ID,rcore_eff,rcore_err_eff,L_eff,L_err_eff,rcore_king,rcore_err_king,c,c_err,rh_king,rh_err_king,L_king,L_err_king,logt,logt_inf,logt_sup,E(B-V),Z,Mass,Mass_sup,Mass_inf,log(M/L),log(t_rh)
B10,0.2407754185915605,0.1656951139718441,3.949279892402666,0.5894935524733994,0.2424735918457077,0.2368295496397411,1.5565195937395166,0.8062078161058359,0.7031734163525523,0.3480599955303557,3.867341968229209,0.2986530235268966,9.48465,9.09565,9.65722,0.112275,0.002,3.027198699908206,0.39384201324948037,0.5788420132494804,-0.9220811924944604,6.864841426090135
B100,0.7353766911085711,0.1322160274585652,4.184873718465761,0.3387894409886888,0.6422216172023375,0.1311369437006957,0.9730545843223316,0.0755378583155481,1.0577910444269,0.1900409960007788,4.164256528253012,0.1751324510374926,8.00043,7.79822,8.15231,0.0883155,0.004,3.1208995299829927,0.23235333620917048,0.4173533362091705,-1.0639741884827685,7.046396987122094
B103,0.8660285189940174,0.2408733277895959,,,1.362731895371858,0.4942102091246929,0.8068173256907016,0.3416523101223093,1.7518717010852385,0.4993639233052444,3.8726619189752287,0.2798275273288946,8.23714,8.13449,8.55342,0.195771,0.004,2.950918567520267,0.27935745797352846,0.46435745797352845,-2.6468299220019214,7.331133716177543
B105,0.8049016846755831,0.2092336949094781,4.114671378366316,0.8802510333572511,0.9497387500606564,0.2421905254052162,1.0751758514162597,0.2488718756528912,1.5912329464874568,0.3736416527305989,3.832798486362024,0.1985667733806632,7.66563,7.43433,7.9707,0.0506242,0.004,3.030664476799918,0.25525376109699754,0.44025376109699754,-1.0840069015663976,7.258213055128406
B108,1.3071376321144357,0.4416308205083019,,,1.9550948802509216,0.9791755499260372,0.6921325675583244,0.5598561585790087,2.0943656495673,0.7381416312871041,3.417621778455045,0.340221975370118,9.39063,9.35167,9.40418,0.0637054,0.002,3.620090227718551,0.21477111289970757,0.39977111289970757,-1.6149114393624036,7.78765698478469
B111,0.8260375257201586,0.2148960759284808,,,1.1960009917789534,0.3972513203653126,0.8530265459799605,0.3740279096377502,1.5033362694433878,0.3503708834621192,3.0004369037792933,0.2546440598468376,9.1336,9.02396,9.26699,0.1157,0.002,2.620208952005912,0.33762524249335873,0.5226252424933587,-2.1300848988082137,7.186423815070492
B113,0.9988518498333716,0.259958541862316,3.519058856369346,0.3879990260544143,1.2045784950904952,0.3710500391246075,0.6742475852853441,0.2126492739999628,1.3457284347436778,0.3082107962618483,3.465734920401548,0.2673782084656028,9.03716,8.9905,9.07304,0.0466462,0.002,3.2941199753089916,0.24914047046860505,0.43414047046860504,-0.2249388810603543,7.345208675312544
B115,1.0398262344757272,0.3610321639218526,,,1.6323928387032656,0.8096391821130554,0.7949675393547323,0.5910687741437114,1.9761597735425176,0.662329864547322,4.114858959232244,0.3526607345998556,,,,,,,,,,9999.99
B117,1.0288712900378647,0.2143393640694472,4.186831731530349,0.7480159128154878,1.2541037262249808,0.2975845300748847,0.9011399127391984,0.2063589586393676,1.7549026209833094,0.3839766392070385,3.944387833585154,0.2026540926952986,8.17169,7.92846,8.3197,0.0930186,0.004,3.0787177513591244,0.40310095022136444,0.5881009502213644,-1.1081139801712243,7.372928831110726
B119,,,,,2.9493275344152656,2.389084394998706,0.1008658781901749,0.4450708748951835,1.427563271991604,0.3986997532544873,2.9509423801472328,5.088300346300582,,,,,,,,,,9999.99
B12,,,,,2.4376779464218417,2.001560057138382,0.3345954243477554,0.60106391984076,1.724593422002596,0.6421298797554349,3.201563769311426,0.8831287567116816,9.45661,9.36286,9.71731,0.143997,0.002,3.1344161906997345,0.45938155254069896,0.644381552540699,-0.1378416237752477,7.485554256845917
B121,1.2809536257854566,0.3660403803256899,4.330391355719423,0.6559555862173975,2.6511759440419858,0.7561863422758316,0.3435154128428029,0.1453102010614067,1.9276650551733765,0.3703385225516693,4.156563732260556,0.5971059730618146,7.92227,7.79028,8.09824,0.106068,0.004,2.9273831966106885,0.2828898904751233,0.4678898904751233,-1.4030081591087349,7.363625818521554
B122,2.0631003055722434,0.959831740343084,,,6.220296288413862,4.682219792883702,0.436624823767674,0.6921337826214908,4.770667919564299,1.6668545711513598,3.827128819192126,0.4988328677725936,8.2113,7.8699,8.5353,0.0737285,0.004,3.30474680652478,0.2449429908000837,0.4299429908000837,-2.129495430953088,8.10913525969159
B124,1.248570117808629,0.2707823518394437,3.634039773605492,0.3688052002504586,2.035474875947774,0.5608108111682166,0.3971568136238321,0.1516099522534107,1.5942638663855282,0.3080655289966564,3.570442426489937,0.4557215924947702,8.07689,7.72753,8.28071,0.0982035,0.004,2.34625906278806,0.5127887362319257,0.6977887362319257,-1.2877807108174322,7.057525716848497
B128,,,,,2.907622076617804,1.928568972683862,0.3267161422560663,0.4249175971639677,2.04890185109623,0.62244637331386,3.516618205898015,0.9832015738816784,8.02379,7.7294,8.17279,0.120798,0.004,2.706483080456722,0.33107315200801407,0.5160731520080141,-0.863589781666386,7.334386606565117
B137,0.8325315314255058,0.1749796650938033,,,1.15211327165488,0.3025816440412471,1.0089613712862542,0.2959718608302462,1.7549026209833094,0.3999145734272833,3.6460998059232654,0.2124518293556076,,,,,,,,,,9999.99
B165,1.096257812756629,0.272667709225644,3.0860877088319985,0.3207563493580875,1.5215217888318158,0.4561284801677771,0.5615503528097989,0.1510263532941061,1.515459949035673,0.3278421121311429,3.082621171633005,0.3190853518062226,,,,,,,,,,9999.99
B18,0.7054766255581689,0.15104960227056,3.2904032984760367,0.4347511662334525,0.8287141185306675,0.2281398629287509,0.6996366114997471,0.2502275635407537,0.8486575714599769,0.16766189795285,3.20045353603248,0.2269330192421138,9.7243,9.07728,9.99149,0.103558,0.002,2.9260212381112978,0.6735376620471567,0.8585376620471568,-0.3643820603647389,6.97416070864058
B21,0.7600580463200858,0.3669855394241917,3.386854616697486,2.3181110472542463,2.4940833657249493,1.2103500660856108,0.0206340278239262,0.2349329360661027,1.0517292046307571,0.2063027539082687,2.8497301984789893,6.506637173950157,9.48916,8.99883,9.59557,0.0484842,0.002,2.812401255494512,0.4489442191847938,0.6339442191847938,-0.5744533612029739,7.051157607270564
B22,0.1963184966548736,0.088548108256583,,,0.3293397561244325,0.1110951577740512,1.1665112414427825,0.3132743638739101,0.5910293801239125,0.1432005530930727,3.265871769488466,0.2051985226427214,9.96765,9.72713,10.0563,0.121496,0.002,3.423530939755065,0.5282149370470202,0.7132149370470202,-0.8873569872394556,6.947008206171415
B26,0.6164986898891935,0.2069536694571012,2.97730758678562,0.8737455692854271,1.4602365884928132,0.4639188030933328,0.2304298316974026,0.1645501670625958,0.8668430908484049,0.1629695853827106,2.673582515312548,1.0940723542768094,,,,,,,,,,9999.99
B34A,0.8199207592129897,0.2961625225581572,3.551341803815353,0.3014579803443845,1.6864341404858778,0.8715785669069328,0.2748834674256492,0.2638945237691885,1.1093166826941128,0.2780431528031778,3.548090678681964,1.2858719702176589,,,,,,,,,,9999.99
B39,1.5385658726463889,0.3068269134187434,,,2.1665924707383404,0.5540499148349812,0.8762871861637889,0.2549451702857868,2.897559422556207,0.6325590272909738,4.086921160718533,0.2172949107966247,8.6742,8.63782,8.87316,0.130961,0.004,3.391527885078478,0.26337509351020033,0.44837509351020033,-2.4327614346325435,7.851199160256708
B52,4.069748068524516,1.2602604969779576,,,10.610886852760013,8.055048667322687,0.2516805562308544,0.5529852729092988,6.2558186696192575,2.0645244397693663,4.402409813287636,1.1526364056713967,,,,,,,,,,9999.99
B65,1.2637614279642475,0.2251250988202694,4.492383271494456,0.257425579419442,1.3996181905313865,0.2817707278043395,0.6375471079547705,0.0766605106308954,1.5336454684241008,0.2801379536765556,4.475485371801778,0.2245903050987548,,,,,,,,,,9999.99
B70,0.4734498952579241,0.0888406283883377,3.741160212664491,1.0083609157647069,0.4582447793894068,0.0830724028524936,1.7457250618972235,0.1322604436825221,1.3942231531128193,0.2438526319717939,3.4494562597624125,0.1516115695450038,9.63811,9.44946,9.77316,0.0663645,0.002,2.9672202597829673,0.42356854620076495,0.608568546200765,-0.7739399528815238,7.30383216292585
B71,1.8026083990840045,0.3653421552770545,4.648567783840088,0.2425438476333398,2.8470036786563773,0.7301388022450505,0.3783157148350493,0.1125102434048275,2.191355086305584,0.4124281637006923,4.660543864419455,0.5108355327927936,7.52969,7.3543,7.81374,0.126531,0.004,3.0145037378727246,0.2530841809823094,0.4380841809823094,-1.6340640459673632,7.452419565114695
B79,1.2777559743910027,0.32198280125839,4.555886690209335,0.5994872452414325,1.2832611756444274,0.3569088014471034,1.134524023678381,0.3088341224943504,2.3156228021265086,0.5413107378777915,4.449255250668172,0.2169829262993978,7.6989,7.44927,8.02115,0.0549829,0.004,2.981588039312477,0.2465383586547482,0.4315383586547482,-1.574298650896858,7.48747283744768
B80,0.63393577555268,0.2636345768656758,,,0.9419492859226132,0.4189067697701721,0.9822686128432558,0.5620784321625025,1.3760376337243911,0.5210167130493859,3.5229938058244183,0.31647749642835,9.08012,8.90401,9.35062,0.135923,0.002,2.8435211734910895,0.43888885880427647,0.6238888588042765,-2.3633022735196394,7.20104587373238
B9,1.0225270355727136,0.4864563465471291,3.732353061868677,1.5611119055009917,2.66575466875171,1.1105193187452314,0.3066327336748053,0.2189642019421234,1.8397683781293075,0.3931836817101108,3.3602412918846007,0.9153568171946178,,,,,,,,,,9999.99
B96,2.6343581278448065,0.5063959810632307,4.2389571964785,0.2805034916704188,4.153572628316973,1.0278591678871734,0.3638212826059982,0.1227535510498494,3.1006310557269874,0.5844990437804972,4.21118801038134,0.508339367954132,8.26913,8.11029,8.27405,0.180326,0.004,3.2598255363686524,0.2570995467557852,0.4420995467557852,-0.979131660109848,7.816140655527335
B97,1.3505719586460134,0.5355032485655099,,,3.0531365409242093,2.110335493007542,0.2738365813003934,0.4873083379364878,1.8640157373138784,0.5826076480191679,3.1397027997363463,1.0481476358260933,,,,,,,,,,9999.99
B99,1.4082216768474418,0.3981198119700457,4.434626582095314,0.9861901252758348,1.8259776925930824,0.6008453989403372,0.8201497078672855,0.3345818884615749,2.321684641922652,0.5767292379741938,4.110390723375722,0.2612544965706422,8.24876,7.92907,8.48609,0.187614,0.004,3.230206159566267,0.3204221995590832,0.5054221995590832,-1.204420422529047,7.615392679630064
BS102,1.1698011460292723,0.3709328215747453,3.734976594094358,2.067108578306097,1.65933771659712,0.708591309836576,0.6833784745205624,0.4808791921762287,1.68822238322574,0.4472749602859495,3.165217150670392,0.2925771832495443,8.37481,8.05367,8.65616,0.0556102,0.004,2.560242684372662,0.3482868689079108,0.5332868689079108,-1.174733909721696,7.183657620089326
BS128,,,,,1.0569726960544206,0.6905449069925141,0.8243910501280128,1.2931310126552529,0.9850489668731875,0.2329188417109861,3.1147474133317776,0.3683859013547453,8.35194,7.9965,8.67614,0.0999096,0.004,2.229046699073886,0.43629949378873517,0.6212994937887352,-0.7693866191007968,6.7261932219666
BS131,1.2743008220237615,0.3128579169323353,4.044140299922158,0.6185404718114141,2.339718615316176,1.0978096475734198,0.2843770283640707,0.3150270988312792,1.4851507500549597,0.3398369955306618,3.8272310020341886,0.8446796948018616,,,,,,,,,,9999.99
BS138,3.5275438991445776,0.9384118191443356,,,6.014648373329723,4.8068793898665545,0.3899975024282799,0.7627801328401105,4.070525423109818,1.1774078378731605,3.852864833558245,0.5525927280581513,9.53096,9.4922,9.56411,0.124088,0.002,3.68120323494579,0.22291997182589535,0.40791997182589534,-2.131118141388437,8.257435263402359
BS2,1.0511827100721272,0.2987311694092469,2.936450279471104,0.4313293488404069,1.068247718075246,0.3896032999598743,0.9291644348300452,0.3539636747578462,1.585171106691314,0.4485639448107154,2.887760017979995,0.2712661518465827,,,,,,,,,,9999.99
BS276,0.5264219857580994,0.10767850442582,4.189726011091601,0.4950825957577682,0.4562443722566798,0.1107481267984788,1.2377259555768934,0.1399434163378166,0.9941417265674016,0.2048057878752134,4.145363378028978,0.1728042611352044,8.38087,8.05737,8.61887,0.0966491,0.004,3.009391399328719,0.2809382176536563,0.4659382176536563,-1.180334611762882,6.9930109222952375
BS76,1.6931451518659542,0.3671208473201133,3.781715907324471,0.4842839303829643,1.8743511741663013,0.4870548460645894,0.8394645199664978,0.2570141260946144,2.3944267194763635,0.5509289505685777,3.690112353310505,0.2194852953979687,8.15015,7.88064,8.31755,0.0490416,0.004,2.9478310714628297,0.30134228674870384,0.48634228674870383,-0.8338848358616411,7.527507089848584
BS88,1.240928978597594,0.3572868328016281,,,2.3185324852286566,1.6806480940213495,0.2760156779307794,0.5751339956010141,1.3366356750494637,0.3847415756071853,3.1271285086411527,0.8514987736683901,9.56219,9.4035,9.60957,0.121861,0.002,3.1995494966993565,0.36574497681182144,0.5507449768118214,-1.945978565953541,7.353455491932461
H86-11,0.4896782348608752,0.2578117194139919,,,0.9155499736104116,0.4851342228180129,0.8810628530307514,0.5359415375208235,1.2729863571899656,0.4672114095834434,2.798941692846631,0.3671829208071673,,,,,,,,,,9999.99
H86-114,1.4201333313874762,0.3177958520884028,,,2.19717445250988,0.6406279491906475,0.7095097191906644,0.2609574162309892,2.464137877132005,0.5782363607848969,4.047081103450485,0.2460304356633256,8.34451,7.97286,8.60009,0.0629905,0.004,2.7886731042116484,0.23876825063226453,0.42376825063226453,-3.0409996422898145,7.504668275765014
H86-137,0.8484024928103346,0.153200943577981,4.279810580527517,1.0529506807406712,0.8959399218698899,0.1669059638951454,1.3440830340362702,0.2484743070116369,1.488181669953031,0.2634010452326769,3.8722124157396505,0.1632462377606151,9.13662,9.12857,9.15805,0.131343,0.002,3.517597006045576,0.2839877241600574,0.4689877241600574,-0.7622135744819412,7.502979963084536
H86-146,0.3614593780273929,0.1782290915234446,,,0.6029105861243522,0.2694471199473049,1.3177277387248028,0.4462048254029481,1.3790685536224625,0.4468476204178576,4.105360759230154,0.2593856211947655,,,,,,,,,,9999.99
H86-150,0.943080651804904,0.2828370898412724,,,1.5229463211839094,0.6286386479641408,0.7669386977590368,0.4102149377930043,1.848861137823521,0.5285693660912897,3.909176686326008,0.3101076815623753,7.62474,7.53268,7.7862,0.116503,0.004,2.9194891694061815,0.25921416924428214,0.44421416924428214,-2.72632372066145,7.314455120315888
H86-159,1.5896576090108858,0.4015126706413161,3.598207063500604,0.4307999398529997,1.999679711951552,0.7442383511621253,0.6228726643597232,0.3332887140856315,2.033747251605873,0.5690011404560978,3.5128798969504453,0.2954840954790561,,,,,,,,,,9999.99
H86-165,1.6861932834893791,0.6633426027697441,,,2.5082074524499616,1.389787314947375,0.6454024641598836,0.5609520530403477,2.5853746730548584,0.8815905024694456,3.786192880205902,0.3855788015940224,8.07723,7.81973,8.30898,0.100246,0.004,2.9399543274775306,0.270990218299572,0.455990218299572,-1.742909078801862,7.569703478561262
H86-174,1.2573043710184122,0.3184579850215852,4.644998751795018,2.488916104854286,1.7866060431171356,0.5718040406898535,0.7380888454939284,0.3280743858641614,2.0276854118097307,0.5120686098027342,3.851888351007559,0.2524048501430848,8.57564,8.49382,8.70107,0.19,0.002,2.915556005388263,0.3236509050409739,0.5086509050409739,-1.7294427464067552,7.438676885555397
H86-175,0.8863062502215395,0.1601306638797746,3.558433180069445,0.1881348767980847,1.2746533631339043,0.2823504764081848,0.358421927267447,0.0855643880291607,0.9486779280963312,0.1677131147666209,3.55044330926071,0.5130898496734968,,,,,,,,,,9999.99
H86-179,1.1520434024941302,0.5390259538873023,3.7235365286685167,0.8140039622558958,2.648114714944936,1.8808361698966287,0.2439616255596857,0.4117547738424665,1.6306349051623843,0.4341019892726089,3.5305778289892693,1.7319019338601775,,,,,,,,,,9999.99
H86-181,0.4877166251913075,0.1537243149477757,4.227585309791321,0.8120950900482431,0.5525670066173871,0.1843143073864802,1.1750545702757689,0.3196035082271286,1.0517292046307571,0.2880647811788954,4.014790870731245,0.2197058634478085,,,,,,,,,,9999.99
H86-182,2.2507571770701693,0.5927339156169148,4.43589662925926,0.7131792814073513,3.0972061162421665,1.1229824589514208,0.6405405730677542,0.3345351167316178,3.1945895725671987,0.7300159921976925,4.224712100511144,0.2903001561341763,,,,,,,,,,9999.99
H86-186,1.1143776218019008,0.1955558290298869,4.107007901141452,0.3265843472007247,1.1851199893448772,0.2272260134265636,0.7609220877030031,0.0735202161472055,1.5033362694433878,0.2742621841147809,4.08034317476609,0.1927284720703747,8.21233,8.02844,8.49671,0.113953,0.004,3.151001907992831,0.27861904779252405,0.46361904779252405,-0.9560059931486212,7.300955114944437
H86-190,0.6283479101783114,0.2344862077677913,,,0.9738648724493042,0.4669572767354353,0.7261836021736133,0.5393478886898672,1.0638528842230424,0.3390299087829673,3.5421127446252187,0.3189794606990387,7.66443,7.37361,7.98698,0.0534124,0.004,2.3015616808136063,0.3791352573733073,0.5641352573733073,-3.0385185885708874,6.754375907506312
H86-191,,,,,1.956004156220344,1.520697245754029,0.3128137091850065,0.5029993778912112,1.339666594947535,0.4382323540051151,3.276593591473292,1.1561815937454702,8.04474,7.73256,8.48421,0.0828851,0.004,2.5275383929874837,0.2447594030275741,0.4297594030275741,-0.7823152193904552,6.999774202346153
H86-193,1.7783462507644234,0.352391261960276,3.754959068837345,0.4875198753743606,2.2916179165337835,0.7130348552376591,0.5688166757165186,0.3209659104370464,1.900386776090734,0.4030997967214157,3.6167484737413287,0.2537673843282169,8.05797,7.71584,8.36861,0.141434,0.004,2.7790933706178182,0.2685787503430727,0.4535787503430727,-0.9758656982195268,7.3122681688961055
H86-194,0.6805717979203824,0.3939419066843369,,,2.3207753659532298,1.053409459198844,0.1151328129942845,0.24177579350223,1.1487186413690402,0.2365386436698816,3.2716515352454736,2.8228878018233723,8.07356,7.80253,8.39374,0.072429,0.004,2.3558536358105426,0.4155569898355575,0.6005569898355575,-2.7784589124742087,6.846779393460281
H86-213,0.3252439694659452,0.100450376213349,,,0.505830221789127,0.1535772584955096,1.2508697590817044,0.2973912476650966,1.0274818454461865,0.2220789225560768,2.988984323002064,0.2015352257654379,8.40071,8.12282,8.60023,0.119679,0.004,2.7400135343403718,0.2600166844997433,0.4450166844997433,-1.827756322577557,6.92223093947154
H86-6,1.151382641481652,0.2840138117528764,2.569120910354564,0.3654744036200787,2.4303128110695287,0.8864219213719458,0.1983048210267761,0.1920346733203744,1.3881613133166766,0.2784001877047378,2.4814327755298096,1.4260671949887134,9.43555,9.21935,9.50543,0.0804623,0.002,2.8632199260800237,0.3352072009906725,0.5202072009906725,0.2940990157254597,7.244874967152331
H86-60,,,,,1.4866359008050145,1.141597101512117,0.2728318267698654,0.5130018258601218,0.9153378092175466,0.2975459777570938,2.8366691670380386,1.2384969501505387,,,,,,,,,,9999.99
H86-74,0.92923498360505,0.1897905084975323,4.766234776785415,0.8205297586062649,1.0284214306145885,0.2258793530037749,1.116502557451054,0.2362386719664897,1.7124697424103108,0.3456333533778679,4.505945502615056,0.1847194264158992,7.91555,7.77618,8.03417,0.143455,0.004,2.662250543920569,0.37278026012112825,0.5577802601211282,-2.1039842328648466,7.19558789488486
H86-86,0.3491360365622945,0.1205695925748862,2.826439012068328,0.6171855713749725,0.4094469690304582,0.1698953103551868,0.9014795784353834,0.3733140004227642,0.5637511010412705,0.1445715565182367,2.680457354956205,0.2647149716086385,,,,,,,,,,9999.99
H86-87,1.6766314544098395,0.6024110596058204,,,4.062160084191141,3.4708796616948234,0.2623130930668164,0.6430950585101831,2.4580760373358617,0.7897844463333915,3.8115599400815,1.0712131474681408,8.25831,7.96079,8.4654,0.145739,0.004,2.9168548935907186,0.27135136395267695,0.45635136395267695,-2.7723621486579404,7.541332776824339
H86-97,1.5067905517067368,0.3704063331308504,,,2.707460126549172,0.8613217015646254,0.4605125638608238,0.2441132854585124,2.218633365388225,0.4827319811275319,4.388727391605934,0.3490559128458928,7.92085,7.91634,8.18823,0.218729,0.004,3.0987163905275095,0.2879128417630787,0.4729128417630787,-3.1626455973912533,7.515605342204041
HW10,2.9892965425432454,0.7095143086860833,,,4.389832834371633,1.3711284215837485,0.823139082101229,0.3197722103733637,5.664789289495348,1.4170464092664772,3.916092720229816,0.2590127921671349,9.58538,9.49882,9.83318,0.0867324,0.002,4.293643153098839,0.3749455701221697,0.5599455701221697,-1.3551971499211897,8.719080350344237
HW11,3.5953534005794814,1.3061012317857237,,,5.3507556788561725,2.4670496126273016,0.8548827035583072,0.5550732305228876,7.143878199754162,2.3051720110645686,4.222391219330234,0.3602580856030093,,,,,,,,,,9999.99
HW14,7.123380574567248,2.1545914351941096,,,13.554758731358753,9.959554995598904,0.4074300966472134,0.6791533928637808,9.556490438618956,2.7276678725889867,4.266609049986321,0.5186350778590306,9.50477,9.48439,9.5129,0.115773,0.002,4.228359288725017,0.24036697860084683,0.4253669786008468,-1.903163750644854,9.025593597961164
HW18,0.4730656621262662,0.1310888362251027,,,0.8041939765552704,0.2931418486980703,0.7681227445622698,0.3401658716037867,0.9608016076886168,0.2939395938088794,2.721048637058621,0.2697388412508192,,,,,,,,,,9999.99
HW22,0.9708395198940132,0.1806019472232246,3.8600567713760574,0.5788352351063996,0.8992739337577684,0.181330502541765,1.2856437602187307,0.1454305374236771,1.9397887347656613,0.3525402124879323,3.779760126977483,0.1675081683280639,9.40767,9.38149,9.43472,0.0200665,0.002,3.5925253858868325,0.2605463458526342,0.4455463458526342,-0.2675313854892249,7.7287796761859955
HW26,0.1712611975541992,0.0404586967287645,4.109549095182224,0.4876903898500735,,,,,,,,,,,,,,,,,,9999.99
HW34,,,,,1.8737146809877063,1.3518960945167433,0.1762036468370946,0.4555743153817216,0.9698943673828307,0.2749174854505654,2.904610398827393,2.165751609490344,9.58402,9.49457,9.65116,0.0623206,0.002,3.3516784440928675,0.3795568966801976,0.5645568966801976,0.4112630773845285,7.203112965521626
HW35,0.8925350638859301,0.1664545710459783,3.614200910937356,0.6190906307815596,0.9241577861209342,0.1816467726390113,1.0802825225088906,0.1729161701032366,1.4124086725012477,0.2544214781151259,3.4744961402806505,0.1733017759106943,8.18327,7.85091,8.49528,0.124969,0.004,2.8068065344525523,0.2929019957098959,0.4779019957098959,-0.8073943764848037,7.136995206203165
HW36,0.9002454030368191,0.2421253527370465,3.1154651923103907,0.2922260595986036,1.2168234114787035,0.4939077607410914,0.5128683097526958,0.248673472670198,1.1244712821844691,0.3027843807052252,3.093080145751616,0.4046762080974476,9.12114,9.01329,9.30724,0.0886856,0.002,2.741581739284027,0.4807451384056946,0.6657451384056946,-0.3738834530263637,7.037596289170855
HW37,,,,,3.4200900129837075,2.7003080751241963,0.244099010436534,0.4007869326790469,2.13982944803837,0.5634287519814182,4.145215030318868,2.300433760424764,7.60265,7.22491,7.8798,0.111119,0.004,2.3023244337034012,0.37745887522060156,0.5624588752206016,-1.9510994515079791,7.206156335950108
HW38,2.4073196022922976,0.7299613086362996,3.6441071870832222,0.9923383622749946,3.2625124874829776,1.8170805594648896,0.5813163939073762,0.6111840631884665,2.9339304613330635,0.8891346592843317,3.3754932726162035,0.3333432047140517,9.59238,9.27808,9.62604,0.056651,0.002,3.7183372403226276,0.2924542062459014,0.4774542062459014,0.0742300532394053,8.064494266751778
HW40,1.6469493657104144,0.3015175969808399,3.587776556998415,0.5284026091298536,1.6666119243524913,0.31613312081189,1.0665194033956007,0.1095487712565579,2.876342983269708,0.5426201320676853,3.506444970231605,0.1710143212448731,9.43169,9.39502,9.51034,0.0374096,0.002,3.5273217904715723,0.24361809060530065,0.42861809060530065,-0.0604547665268424,7.962853955369708
HW41,2.7996111665917094,0.9132884519854768,,,5.572315923405188,2.343811432668323,0.7652693968355018,0.5178137296856905,6.434642943605469,1.7436832501705593,3.893332069223405,0.3134378135569869,9.56104,9.48486,9.62381,0.0849065,0.002,3.8525696491135264,0.2435362675137362,0.4285362675137362,-1.6470757093545645,8.625103692612928
HW43,1.6245752497462218,0.4330618381466079,,,2.576221294962683,0.9231974466809106,0.6183180142933833,0.3215735728827136,2.5853746730548584,0.6559531762908767,3.7136209858176814,0.2901752117280698,8.07507,7.98075,8.26723,0.0619627,0.004,3.1111448482867465,0.26292135104536957,0.44792135104536956,-2.0967539078063795,7.630207021062362
HW44,1.4168108168405544,0.5892737432370772,,,4.349066961742575,3.5252254249838444,0.2455412137195945,0.5897565810297359,2.5277871949915025,0.8452279734856755,3.573886231847196,1.2164516837646673,8.62672,8.26789,8.76952,0.111029,0.004,2.708272143674309,0.3457723195576334,0.5307723195576334,-2.633874555384156,7.51452007349673
HW48,0.9576991547063084,0.1810822843994919,4.061819124775472,0.7415838876788166,0.927461488809832,0.1824832336920532,1.377264576077546,0.2067421189110346,1.9246341352753047,0.3774517618848396,3.896528633758644,0.1644980681290286,8.1128,7.88667,8.18617,0.097498,0.004,3.00914482708573,0.2983364632998397,0.4833364632998397,-1.0526742976897414,7.404234245116783
HW50,1.1278124606137565,0.6564002111622594,,,3.5772432096987066,3.4015854314216405,0.5184197074921368,0.9920134251458832,2.9884870194983466,1.0496460271304284,3.4562191838867324,0.488566718927834,8.13552,7.8738,8.2076,0.106444,0.004,2.6510763304513847,0.25169732603841183,0.4366973260384118,-2.379182715999414,7.569227269007004
HW52,1.9061795970200155,0.5329244730510878,3.976433171719036,0.6364246770059777,4.257169470433052,1.5861354399969945,0.2342109894124446,0.198216382432382,2.6005292725452147,0.5339665898379996,3.8021570647078784,1.1908663871963656,8.13608,7.91387,8.45848,0.0400786,0.004,2.7704012893238215,0.35130241543968393,0.5363024154396839,-1.2060318823952143,7.518942045087692
HW53,1.2999117718144928,0.2633391234322406,3.188611115928236,0.7369929387799303,2.216481412260596,0.9243596850956805,0.2919534535508952,0.3139644140243281,1.3184501556610355,0.2793008111707012,2.8826815834986306,0.7014528709815062,9.58009,9.39314,9.60714,0.0268572,0.002,3.270273460739892,0.38240122662784287,0.5674012266278429,0.0816623448116558,7.37240756544619
HW54,1.8624808362935648,0.8117321153504943,,,,,,,,,,,9.43118,9.42573,9.67574,0.112037,0.002,3.3547766614431502,0.24686550985547523,0.4318655098554752,-2.030141705137709,8.130300504244797
HW55,2.0789577613643706,0.6155623898927259,,,5.345845588621298,2.7855669773013703,0.2401925200064642,0.3590631614123809,3.1127547353192724,0.8312761124610771,3.5039843771241608,1.0693717233062086,9.19476,9.08083,9.2663,0.0823587,0.002,2.861187194939298,0.28108143067527797,0.46608143067527796,-2.488547907537649,7.748778162250568
HW59,,,,,0.6469195430443481,0.2185503389614645,0.1922283895567444,0.1432112623604232,0.3697722275647041,0.0667675422525902,2.5657513071070865,1.6037425743019351,,,,,,,,,,9999.99
HW61,1.8142584999362192,0.5649163597825392,4.3648005865798165,2.265656710528674,3.707542456116794,1.5527996472044674,0.2408169528318765,0.2524626075825353,2.255004404165082,0.497135235820904,3.756668878188412,1.1035095279148848,7.92776,7.92566,8.17145,0.114818,0.004,3.017826038030425,0.30814998633522345,0.49314998633522344,-1.3469745485493916,7.497918092064645
HW68,0.6629624708216969,0.3157263923676615,,,1.2362516080253407,0.7456481438134234,0.7769214872166094,0.6453449313838884,1.4760579903607456,0.5100750565728501,3.055429765922876,0.4179324462628863,,,,,,,,,,9999.99
HW74,2.3078457873325378,0.84846811321935,4.079541685073186,1.8086073927705408,3.74182216016398,1.8350110221922813,0.494355695527197,0.3916127685953564,3.267331650120911,0.9312126480046032,3.612395669814679,0.424821693796059,7.42731,7.11037,7.588,0.0901822,0.004,2.667886097334676,0.32492687142162774,0.5099268714216277,-1.4116555877385095,7.587869992510294
HW78,0.8277092894869112,0.1902834327527766,3.662519631138158,0.3211673015878036,0.7759458031052453,0.2504003681468235,0.8977303659396353,0.1871541239811756,1.1699350806555395,0.2484078353171412,3.640917537471648,0.2351377211348993,7.13015,7.0181,7.57922,0.094035,0.004,2.3094001859350057,0.3821603135624109,0.5671603135624109,-1.353119445203152,6.78796093763063
HW8,1.0267778137096342,0.3129398435164392,,,1.3643989013157969,0.4271174463944365,1.3503628263286656,0.3237574299525135,3.2612698103247686,0.8449312664364762,4.241846087398716,0.2228459496283666,7.81114,7.78111,7.98778,0.0717299,0.004,3.489245313925617,0.24357367985929018,0.4285736798592902,-2.2968286384653083,7.901948192185832
HW82,0.5664585255724681,0.1689334599812025,,,0.8187727012649935,0.2386291635886793,1.3251704101391293,0.3043912704710004,1.8518920577215927,0.4221829275903948,3.827418824486427,0.2045898651027165,7.73295,7.37319,8.03647,0.0736346,0.004,2.1046646168016294,0.360419542168755,0.545419542168755,-3.272589108420503,7.061310882378548
HW9,1.219030587265609,0.3033312537338909,,,2.051478133009591,0.807226279668998,0.6175255797763421,0.3606587260403243,2.0610255306885152,0.6010972535833258,3.1845569956456528,0.3040775516281832,9.51806,9.4811,9.5965,0.115936,0.002,3.477527853490334,0.30431325806460924,0.48931325806460924,-1.5077874518961365,7.735097057953212
IC1611,1.814173948950974,0.3539046376684047,5.283985931071467,0.983156677953991,1.8722901486356127,0.3713628386940532,1.475209681896292,0.2567286966461332,4.355431893528524,0.9117312502499012,4.974593515307099,0.1681105509757632,8.21305,7.93419,8.43236,0.0967719,0.004,4.072047596510916,0.2880001030152521,0.4730001030152521,-1.2119383345605517,8.342091980839125
IC1612,3.3159299271833573,1.0749423157442155,,,8.484211597079272,6.064592276228288,0.4146257958872571,0.6660142453424527,6.183076592065546,1.9392856053275755,4.645979720596572,0.4982950163344454,8.08001,7.90878,8.22887,0.0826901,0.004,3.254465898981779,0.3090083147936284,0.4940083147936284,-3.07486640641836,8.250398402747374
IC1624,2.5558125411466723,0.4555727952808888,4.861379383118049,0.4283554641741928,2.6932451122272174,0.5102162576218836,0.8967501144268377,0.0948793170104928,3.897762988919752,0.7174008588419721,4.808464568504916,0.1800789209930421,8.30914,8.04538,8.36062,0.100062,0.004,3.8041537494998567,0.21758357233849018,0.4025835723384902,-1.057225633618192,8.172713559926272
IC1662,2.55790206258969,0.5915933467623249,4.219145978461807,0.458142851445552,2.7343746952440457,0.7379558476870277,0.9060715927678415,0.2399972972435533,3.973535986371535,0.9636547415522232,4.157819870554137,0.2281583341430865,8.01435,7.77261,8.23463,0.0967858,0.004,3.2188740913845773,0.40627903838898355,0.5912790383889835,-1.0002718870772296,7.944865015639589
K1,7.824389658066797,1.5834252210717978,4.438263445707306,0.4154258417710769,9.050781453625753,2.3612656988586136,0.7306579882780581,0.2528085704546686,10.19298361721394,2.0473100909917723,4.369007677466521,0.2284245095227808,9.83651,9.63393,9.8684,0.0986287,5.0E-4,4.438227390884479,0.23376949754734383,0.4187694975473438,-3.605482282686978E-5,9.186227175059283
K11,3.1676951002720286,0.6225528459714048,3.8742865522264527,0.308744002562949,3.4886191118791,0.8232711177338123,0.7069378226387635,0.1441376100999249,4.112958301682816,0.787428792542453,3.8474635829915527,0.2283264577046417,9.31932,9.27532,9.40639,0.157634,0.002,3.5419297827550222,0.2579495129904527,0.4429495129904527,-0.3323567694714304,8.190889117215223
K13,6.004810745329475,1.9949337196984744,,,19.129317535488514,15.481279931281048,0.1539524287902025,0.5147585707776925,9.847458748833803,3.060436786786331,4.282572655694696,2.7367532494455986,9.54218,9.50196,9.59328,0.0453793,0.002,4.634843897711977,0.2401012826346957,0.4251012826346957,-1.416941338392026,9.213038775864844
K15,1.7717768600535615,0.3140755531267528,4.760892472096155,0.9845127539322216,1.7721485552033354,0.3186508889637918,1.5825135015064442,0.24037490935244,3.9583813868811775,0.7108095027676482,4.45629332286584,0.1570320312417824,8.83864,8.44373,8.98896,0.140804,0.002,3.4297700388932175,0.30590950130049327,0.49090950130049327,-1.3311224332029377,8.08192630817636
K16,2.0843911759864966,0.4006326747692207,3.463572420341048,0.3098997479163812,2.8771613316421867,0.8417006919547991,0.4509248765072277,0.2170515528039855,2.294406362840009,0.4744164400496624,3.4042321417039885,0.3518182913090833,9.45646,9.43969,9.53571,0.0508178,0.002,3.547299551304324,0.28497287484080397,0.46997287484080397,0.0837271309632763,7.825541396467798
K17,1.9737907219102329,0.3580009896581687,4.784979112304281,0.6930416004744169,1.8608332714209035,0.3447925579142324,1.4407550207057154,0.1353220208305213,4.6251837644568745,0.8225668406092709,4.663183097769919,0.1600155545510335,8.82042,8.6906,8.9035,0.109183,0.002,3.6357922677722834,0.27222889248888466,0.45722889248888465,-1.149186844531998,8.2596757498186
K21,8.250709760337815,1.7373941230055976,,,10.746762991790552,2.668595787678945,0.9157285689714488,0.2848930839520216,14.787858182690098,3.055037898578897,4.911728512099495,0.2171192688169213,9.48006,9.17385,9.50047,0.0475188,0.002,4.960434624462601,0.20482697323294946,0.38982697323294946,-1.700881290548259,9.605559483681814
K25,1.81515010633878,0.5899724551212012,,,2.7541362929794704,1.1909332558833552,0.8150331693470363,0.466478211409882,3.5492072006415465,1.1674819467993347,4.378978040242479,0.3327046746027222,8.25235,7.93181,8.47152,0.146799,0.004,3.404932874905251,0.2480834383552843,0.4330834383552843,-2.7000745112752584,7.95642158066386
K27,3.6387273177556607,0.7389086328691329,,,5.151472695557984,1.3815342846633538,0.8919438188608891,0.2840908150300906,7.113569000773449,1.585248939315854,4.5623045569789005,0.229538209613317,9.12611,9.05568,9.18458,0.111779,0.002,4.033484069976582,0.26826974238995,0.45326974238995,-2.2443288238330625,8.720490871973563
K28,5.116895142331082,0.9167220158564342,4.986307375424843,0.6805324903799479,5.220092722050318,0.9752170703945636,1.1993570874796795,0.195368973521529,8.91393542022783,1.5644332237041303,4.830002003747224,0.1687990729036012,9.57127,9.52696,9.6061,0.0828663,0.002,4.70261662277926,0.22712685386030568,0.4121268538603057,-0.2836907526455832,9.178797696828534
K30,6.6258491235045565,1.840741213551951,,,9.976788100884509,3.639336859998832,0.7293015990727237,0.3684581855168553,11.650856088186258,3.191519755085775,4.891783526530261,0.2958413357125751,8.2983,7.99654,8.39237,0.0856841,0.004,3.8745421160848794,0.26669596887064,0.45169596887064,-2.7835782581116746,8.912398843730047
K31,13.189839067080968,3.208224243751588,,,20.765377787268445,8.838882232029796,0.5268789847046176,0.4150511495722801,18.079437191995574,5.662912423462036,5.281592662879924,0.3231187345240418,8.62608,8.34048,8.7964,0.0565153,0.004,4.235119209352222,0.256543810692857,0.441543810692857,-2.930499254773107,9.365539738219644
K34,2.8760001432559528,0.5036321550085547,4.80193013805058,0.3056959405699164,3.3697767426757235,0.6119865550115129,0.6306047627879202,0.0597009789032246,3.585578239418404,0.6219691129689977,4.768239977022249,0.2159503199578092,8.74433,8.64032,8.80891,0.113706,0.002,3.6855948595511436,0.23595302175557092,0.4209530217555709,-1.1163352784994367,8.106625738062013
K38,12.56354507498621,3.154195692191835,,,19.69940325911676,8.129540322569799,0.5456411863442909,0.4009909608937799,17.703603124634732,4.7669539153841365,4.9217055427450624,0.3164820088891193,9.48266,9.43292,9.5101,0.0496444,0.002,4.694573612731737,0.2403936984232859,0.4253936984232859,-2.098512429535206,9.613621578101805
K4,4.345224020843381,0.865744138514715,,,5.325326260911355,1.1704271145900786,1.0147769656172785,0.272118934905774,7.704598380897362,1.4848757049086898,4.17015043821886,0.1941977498833524,9.69841,9.68911,9.71047,0.141698,0.002,4.114240575260503,0.26345229803671216,0.44845229803671216,-1.070570971109916,8.85934014529146
K42,0.7273099680262592,0.1454318215710429,4.854578549052108,0.905076641592778,0.7188129630266005,0.1447557013028475,1.5304765092133834,0.2475293198302471,1.7276243419006674,0.3291973059595021,4.606559325361785,0.1635882201692369,7.84958,7.7321,7.99219,0.127241,0.002,2.83302528829936,0.2997690521536209,0.48476905215362087,-2.021553260752748,7.254819179956419
K43,2.3454536327051985,0.5466072537536477,,,3.5207468627986565,1.1026632619289494,0.8187248351569781,0.3167728368707123,4.52516340782052,1.0655988910498349,4.402872275242843,0.2582157452361847,8.20519,8.18745,8.38401,0.157443,0.004,3.6111612285867976,0.24974811465853358,0.4347481146585336,-2.5181376231109915,8.188601260967742
K44,11.442798891307971,2.4980455432196447,4.770931515890747,0.4778227700143119,13.289674477073431,3.898887112267163,0.7632348075730142,0.3212661726937582,15.663794033232715,3.657886262049692,4.678272868549794,0.244467401818343,9.57079,9.51213,9.64622,0.0875183,0.002,5.092703104165027,0.2850092756489268,0.4700092756489268,0.32177158827428,9.70709624891906
K45w,1.6116855157544212,0.3801444358016514,3.823306763863505,0.3743019612289002,2.237606923950152,0.6351167290880729,0.5533041010731177,0.1657027977766094,2.182262326611369,0.4610237144462204,3.7814568976786576,0.3071917995470303,8.19822,7.78343,8.36626,0.0846924,0.004,2.71937189659192,0.2864270457774633,0.4714270457774633,-1.103934867271585,7.391650463251287
K47,1.7169533708356504,0.3514847849015221,4.466822560237362,0.3285684231833549,1.829857270062614,0.4667684726696078,0.7774829378399574,0.1595723160233189,2.3610866005975786,0.4996486021323592,4.443352673073057,0.2272991004205581,7.41853,7.39135,7.51065,0.0312207,0.004,3.1724978472519565,0.2932307247903129,0.4782307247903129,-1.2943247129854054,7.550279681622104
K5,3.616271294675813,0.6581962852897836,4.827053358326632,0.685267382380343,3.7189690241325217,0.6954250889465449,1.1842819335687724,0.1629218994169737,6.59831261810132,1.1894970948239068,4.665014823794087,0.1680556117529666,9.14335,9.1309,9.17438,0.150687,0.002,4.179692511946539,0.232432867959321,0.417432867959321,-0.6473608463800931,8.730884109441622
K50,2.5677778128542688,0.5316658964940559,4.738723929909501,0.5962675267602844,3.4366388356271766,1.1353489426030092,0.5596964074309497,0.3277252258121109,2.9884870194983466,0.6798825599424776,4.541594239392191,0.2684895957167569,7.3767,7.11716,7.46803,0.0916506,0.004,3.357149359343533,0.22951478021763222,0.4145147802176322,-1.381574570565968,7.768223632023934
K53,2.275892259963736,0.812228372481246,,,8.330180247859289,2.5342747010336817,0.091514159431115,0.1301972431871779,4.009907025148391,0.7158447127448384,4.283427523148559,2.8259084927443854,8.06714,7.98052,8.15469,0.0704906,0.004,2.9297218043433437,0.2494109430339319,0.4344109430339319,-3.102985230567901,7.851351239008983
K54,2.8618261030065,0.650987176350055,4.584600779285562,0.3059208537487709,3.076565551736301,0.9226217121117152,0.7425710002120298,0.2059587654742778,3.8128972317737535,1.020821684027705,4.564834161032254,0.2646925249001977,,,,,,,,,,9999.99
K55,2.4451834775558434,0.6124345153495361,4.669611613363508,1.02622007968308,2.905227649898328,0.7920886858503191,1.0632290979874706,0.3087393999840241,4.864626436404512,1.14669493912811,4.3215360501832265,0.2236189342181352,8.4755,8.24885,8.58653,0.128884,0.004,3.3493824450042564,0.2635092057046217,0.4485092057046217,-1.3202291683592515,8.157732601816688
K56,2.1639182338444827,0.5359834982415286,,,3.1083599014670686,0.8856267183126543,0.7804369290250793,0.2708079897957974,3.788649872589183,0.8331066944618748,4.26356333558869,0.2406322541081487,7.9033,7.69041,8.12955,0.105034,0.004,3.3300645738815926,0.2424818550157805,0.4274818550157805,-1.8371703560070567,7.946858972087337
K57,2.427640560724964,0.6486193940055347,,,4.18957995670606,2.237442413727444,0.4564296568397577,0.5237128099278028,3.1460948541980582,0.8418723583989104,3.894135525635756,0.3799475028357919,8.53291,8.48774,8.55488,0.0891671,0.004,3.2397448093295687,0.26036448631517745,0.44536448631517744,-2.556702989732972,7.83784312874314
K61,1.963787325296981,0.5798991520167697,,,5.0266594141554055,2.282788710103632,0.3019756114592299,0.2933427947386751,3.379475686349551,0.7942891519174675,4.103211612303434,0.8120579752273211,7.95839,7.62994,8.44513,0.131512,0.004,2.671163582606086,0.33339285517273026,0.5183928551727303,-3.2200104336415887,7.644204501511184
K63,1.531890638874846,0.4597441791942638,,,2.4268575623857283,0.8772352299983869,0.7510407316423622,0.3417594593715138,2.9005903424542785,0.7948333419858329,4.057974124006373,0.2882369938566554,8.06632,7.80832,8.35478,0.0840479,0.004,3.1578796743891537,0.2872585229925457,0.47225852299254567,-2.641331392146684,7.721345442626962
K8,2.4471829871964044,0.5486067304230954,,,3.434547500897508,0.9693973589255088,0.8818852855384399,0.3129868140249505,4.622152844558803,1.085742865106922,3.8928083846367336,0.2358332915321136,9.44527,9.44028,9.46059,0.122208,0.002,3.6485014996157785,0.2496083439784797,0.4346083439784797,-1.975684056037486,8.319398170252187
K9,2.9010988836613207,0.904621511975624,,,6.255303413236589,2.3410254450453887,0.6475424136631049,0.3751284115997044,6.467983062484253,1.660901430153222,3.912171902189722,0.2901541392615498,8.85133,8.79333,8.93729,0.089071,0.002,3.5240181409424958,0.26228769504025656,0.44728769504025656,-2.0167389846392263,8.4382738107252
L14,2.823599968229372,0.6741341601115922,4.197685005507094,1.178975308437599,3.7175748009794094,1.0950067435697566,0.8083961498721548,0.299473999664402,4.673678482826016,1.1348715830126754,3.755666834474357,0.2457358409952682,9.38165,9.34989,9.49316,0.127056,0.002,3.6455823981971713,0.23803307717411654,0.42303307717411653,-0.5521026073099229,8.319485194684724
L19,4.4708057790156746,1.6606285229534727,,,,,,,,,,,9.54524,9.49722,9.57126,0.185762,0.002,3.84712703199034,0.3191278493734457,0.5041278493734457,-2.083344786182036,8.667900446334654
L28,1.3335630669221636,0.2625432382431079,4.382556610593028,0.6159647093737022,1.3259062186102912,0.2550056756446268,1.2244493355934734,0.106218615351179,2.7945081460217813,0.4988169689012845,4.283423500716531,0.1660612806996429,,,,,,,,,,9999.99
L31,1.6047538616522552,0.3030480324479988,4.493174242290996,1.03342094670202,1.7088629477316055,0.3310570468049031,1.3433568715769018,0.2481094828158521,3.3158263684900526,0.6250133288124193,4.116555556897396,0.1684442083064511,,,,,,,,,,9999.99
L33,1.6603356446710005,0.4110219627288737,4.284361683898842,0.7145681327163842,1.8953251398609552,0.5251521066562828,1.0148258924530138,0.2803118072857464,3.064260016950131,0.7374890752456953,4.103550140659791,0.2252525444574211,,,,,,,,,,9999.99
L48,1.645985973666959,0.3216103335118404,4.478029875777737,0.3125988937457932,1.5833525547524714,0.3698848067407856,0.8702326727758752,0.1110956736234591,2.31865372202458,0.4207182569059528,4.457909414179892,0.2037901216154202,7.62519,7.57282,7.82733,0.0865249,0.004,3.399298093337207,0.2149323970609251,0.3999323970609251,-1.07873178244053,7.634102766422607
L51,1.3488388554096291,0.3420685160139762,4.934099196432023,1.292481589809103,1.6821605434295972,0.4702988517459874,1.0063974224248815,0.3100367150157209,2.6459930710162856,0.7041321000761448,4.450924226666148,0.2264404182826379,7.48304,7.2459,7.70859,0.0217245,0.004,3.2136585146578605,0.250204788939067,0.435204788939067,-1.7204406817741629,7.6433130222415135
L52,1.1220711115085014,0.2046878618982222,4.151302278431408,0.6097464462373695,1.1237438614089323,0.2164282931215402,1.1656645643324934,0.1536303037098671,2.0004071327270885,0.3755647756720954,4.035339552424559,0.1689510521804346,8.31024,8.20667,8.38595,0.0167521,0.004,3.227894413914749,0.29507970518187004,0.48007970518187004,-0.9234078645166588,7.521968263825036
L56,1.1347453657918474,0.2096325132498304,5.100486112988515,0.3839320451873332,0.9630141792142088,0.2150156733630425,1.1175338424552084,0.1061947780165037,1.8640157373138784,0.3580344523247704,5.071059515095363,0.1783913405663277,7.64941,7.3945,7.80166,0.0456085,0.004,3.409879044386929,0.22139398636415825,0.40639398636415824,-1.6906070686015855,7.497399936977459
L65,2.012235628326641,0.8404024580781234,,,4.612453900884975,2.8858213529874064,0.6775471142837839,0.6609248034135424,4.988894152225437,2.1637603888851817,4.372888326627455,0.4426898093323838,7.8389,7.59524,8.02082,0.107988,0.004,3.243122417704339,0.23279102857609985,0.41779102857609984,-2.7219004529641024,8.090049830908283
L66,1.2565229086667296,0.2435954787158371,4.846841704485697,0.3266298652614547,1.300749583456299,0.2629988846251455,0.7877425442217844,0.0819820875357452,1.7155006623083815,0.3035186432119367,4.824251675880202,0.1949235823197867,7.43739,7.20624,7.68558,0.0506549,0.004,3.2079008395816695,0.2690360410097847,0.4540360410097847,-1.6389408649040274,7.356100001585901
L80,3.191637678450784,0.7280247094005055,,,4.704472628990421,1.3523004472102156,0.7819621462363068,0.273255806524797,5.792087925214343,1.2822864841486072,4.450904063797408,0.2448453999658434,8.33539,8.32568,8.37478,0.0536105,0.004,3.5700757053216043,0.2292044165010551,0.4142044165010551,-2.633933110656654,8.343415277628738
L91,3.645713277676901,0.7829194250460781,4.37016016768807,0.6852818980390942,5.204695648968116,1.767190236311626,0.5216265621900744,0.2993183721487573,4.519101568024377,1.0335473054878028,4.123866441048747,0.3030457909637351,9.15489,9.13518,9.24997,0.186969,0.002,3.601947060080969,0.25692224335055286,0.44192224335055286,-0.7682131076071008,8.260219525685587
L93,3.380995425436488,0.6273853141011374,3.927882174043053,0.4678209915510385,3.8311130603611625,0.8520163977967612,0.7883484415700597,0.2229411636952656,4.34633913383431,0.8126648880278776,3.83244818982612,0.2003280914353738,9.42877,9.21669,9.64417,0.0636937,0.002,3.3248583881988676,0.2604999750804757,0.4454999750804757,-0.6030237858441856,8.155347351238223
NGC152,6.358241058772888,1.2154861564734571,5.195459557579187,0.7448157703046545,6.691664950961919,1.3727970445644122,1.161170027005147,0.2651647431046253,11.162877984596768,2.108129633704144,4.99488573037266,0.1828872180064893,9.14749,9.12992,9.17476,0.131182,0.002,4.798761794037489,0.22910694633986534,0.41410694633986533,-0.3966977635416979,9.324011589891018
NGC176,3.145268654882188,0.6536342684017316,4.560581653211293,0.3662402277853492,3.458673623286156,0.8910320083240776,0.7743548839589821,0.2031982464916862,4.3220917746497385,0.8790887460873236,4.522461007420451,0.2294789987096086,8.11331,8.0771,8.12415,0.0728754,0.004,3.5363930256743674,0.22461066469913588,0.4096106646991359,-1.0241886275369256,8.123899808459056
NGC220,2.9456018124423653,0.5837433204077479,5.106962390263941,0.7167581511195609,2.9309298506339725,0.6075755949210809,1.3156945647289715,0.2617990163696959,6.155798312982904,1.3293807459396876,4.954364616917557,0.1782600252700809,8.08071,7.81716,8.20834,0.0768692,0.004,3.9008137578969073,0.2437003285495875,0.4287003285495875,-1.206148632367034,8.491086772803826
NGC222,2.418669771448275,0.6265513098766002,,,3.1970749268836163,0.8681836999945435,1.0981854701286944,0.2917098098342305,5.801180684908558,1.5050300258504388,4.903485401566763,0.2238963509140487,7.91621,7.67617,8.11973,0.0945482,0.004,3.785568987096106,0.23939775932099566,0.42439775932099566,-2.765172704898812,8.396449649650567
NGC231,2.852227715143872,0.7403757494889521,,,4.257775654412666,1.300411681114468,1.0368261526976703,0.3207494762913219,7.1590327992445175,2.2345652465010915,4.823126379712644,0.2510009688519592,7.93754,7.7837,8.21209,0.0618993,0.004,3.8373535527123814,0.22925076384083137,0.41425076384083137,-2.597467650178068,8.554837869740979
NGC241,1.8160955889042256,0.4164185267791101,4.712132138498447,0.6180352386919492,1.810186599924131,0.4432716142372606,1.1868792051927952,0.2601958685217756,3.482526962883977,0.832213640313516,4.6013183679887,0.199444122427433,7.84273,7.62776,7.93317,0.074423,0.004,3.5695412738876477,0.24805165086972364,0.43305165086972364,-1.1425908646107992,7.97692127475332
NGC242,1.377876987286171,0.356646863523306,,,1.9185722954791624,0.5163655124803357,1.136847249827666,0.2895264944938789,3.5310216812531183,0.8640148520949695,4.588450393962428,0.2160821963857228,7.77578,7.53873,7.8713,0.0698011,0.004,3.27393602522792,0.2756431092456521,0.4606431092456521,-2.930617538190999,7.871928554972325
NGC256,1.8291808996455303,0.3522202458377772,4.717647084793924,0.2306403547506226,3.004247802968319,0.6593652118761666,0.3433537470499208,0.0788258264701256,2.1974169261017256,0.3863203144446903,4.735199227059999,0.559818650489872,7.91958,7.91297,7.92243,0.132939,0.004,3.1255560815262604,0.2877030828531097,0.4727030828531097,-1.5920910032676638,7.518865682992986
NGC265,2.8770567058500927,0.5233811147363848,5.111909271484678,0.4889635689390599,2.9694528425384594,0.5731149046505692,0.99424589797014,0.1193452460183684,4.734296880787444,0.8819974337327731,5.041186689676437,0.1771828259144702,8.40159,8.27392,8.45348,0.164416,0.004,3.8507705640420924,0.2469800850093699,0.4319800850093699,-1.2611387074425855,8.324315981636056
NGC269,1.8001666076834268,0.3111871222073889,4.804723781929184,0.69779657958466,1.7816656436832796,0.3123028440795904,1.3077071114810483,0.0957031842637116,3.655289397074044,0.6412779439354395,4.655725534393616,0.1574206411907583,,,,,,,,,,9999.99
NGC290,0.6961574116132156,0.1741642673189884,,,0.9310076650905754,0.251851568905876,1.4031260536248389,0.3018606106662237,2.267128083757368,0.5065888764070887,4.958234066327921,0.1955104645263353,7.92996,7.92738,8.49182,0.190633,0.004,3.76182263324384,0.31564986390388355,0.5006498639038836,-2.740408045258998,7.776240686733736
NGC294,2.309728869225652,0.3956151797528029,4.916227079930188,0.3970420004508198,2.353721465245265,0.415322983646145,0.9044147779625008,0.0507320309570453,3.51283616186469,0.6192315334587075,4.87611261916842,0.1722320935933904,8.69979,8.69326,8.73012,0.083576,0.004,3.811375908603111,0.2500601794205121,0.4350601794205121,-1.104851171327077,8.138031673398656
NGC299,1.2830620916609878,0.2550735503322146,4.976980249951592,0.3781727137658043,1.3207536547835697,0.279700694166739,0.8475060605724661,0.1130166820668002,1.8427992980273784,0.3534468310773256,4.938026134249004,0.19357606795852,7.65326,7.53434,7.79988,0.0388007,0.004,3.0491365848197876,0.24310392008534704,0.42810392008534703,-1.9278436651318045,7.359569608873191
NGC306,1.6759875477285433,0.4096885749232461,4.708065071524128,0.4109602040194281,2.903287861163562,0.8509984859119755,0.4105312345072105,0.1563117488096432,2.3307774016168654,0.4594473081752982,4.65831743131499,0.4626733624884738,7.76928,7.60232,7.8984,0.0980624,0.004,3.2724635722992312,0.24269238903180707,0.42769238903180706,-1.435601499224897,7.600364225715783
NGC330,3.145992125918877,0.6053222899902663,6.075514922088736,0.5546280964863497,2.961754305997358,0.5990563739417534,1.2786799118042649,0.1361452976168924,6.6164981374897485,1.2304514913899087,6.012090341431297,0.1725310136989075,7.29323,7.06043,7.5088,0.144484,0.004,4.612542279441109,0.22970389426700194,0.41470389426700194,-1.4629726426476273,8.766873450590996
NGC361,4.763056525416147,0.850925048271617,5.0904659170958775,0.622753131463135,5.018112220042844,0.9107944114111144,1.0749294056482954,0.1142261028968571,8.256225802346346,1.4653249318028363,4.949840488697918,0.1679543492275499,9.48777,9.47528,9.5076,0.0709576,0.002,4.491581587297107,0.2529025018111927,0.4379025018111927,-0.5988843297987705,9.034548818585606
NGC376,2.43426604737368,0.5552830221697078,5.317156292757503,0.3742440848136927,2.3947904298641323,0.6523302200150973,0.9440761109705768,0.173907524461895,3.791680792487254,0.7833324037013597,5.292870837457301,0.2226035304799632,7.41733,7.28481,7.4697,0.108955,0.004,4.09612757853816,0.21440573431855053,0.39940573431855053,-1.2210287142193437,8.206644747183043
NGC416,2.443882240667211,0.4676644811086748,5.447483057606044,0.7764327464275962,2.3072877724068124,0.4550954796401747,1.5748156454896858,0.2521138830057586,6.101241754817621,1.1553939658338868,5.2971857835244185,0.1660604601302522,9.78794,9.74656,9.82155,0.11683,0.002,4.807263678382684,0.25546578394442715,0.44046578394442715,-0.6402193792233595,8.997406924402998
NGC419,3.633489939980226,0.6284576962611054,5.723151344094078,0.5734884617687542,3.3175236836329733,0.5858724988978078,1.3415993132693766,0.0683662646222007,7.937979213048856,1.3700923801362157,5.650927363208628,0.157349413649133,9.13214,9.08781,9.13521,0.0877398,0.002,5.160072172893514,0.21798839014358812,0.4029883901435881,-0.563079171200564,9.249956594375425
OGLE132,,,,,2.4763827935202127,1.929415405176636,0.4068085804071307,0.6445959510482593,1.8155210189447364,0.6465123261957096,3.5517481302680904,0.5944017125141257,9.08859,9.00117,9.29597,0.137644,0.002,2.949918645694515,0.3956309141540148,0.5806309141540148,-0.7475463921038763,7.419810355802084
OGLE172,0.5406867620830579,0.1657840120009384,2.659431605578117,0.3095848006107971,1.676977670403895,0.5441311126069724,2.197250917493E-4,0.1384137428975637,0.6789260571679816,0.1198709790698131,2.597000979835465,5.668973587185855,,,,,,,,,,9999.99
OGLE28,0.5656732039522866,0.1942791747178626,,,1.1138933717402004,0.6190736202977749,0.5698507638157205,0.4852895364320432,1.0547601245288285,0.3459985693159401,2.941084153450136,0.3913729359134321,,,,,,,,,,9999.99
OGLE5,0.5938610649410153,0.1573645445728552,2.3113172982827384,0.3907327140681785,1.6594892625920237,0.6752691534596049,0.0368972766252068,0.1957562402538988,0.7152970959448377,0.1321282161903765,2.2015003254556627,4.909446869422328,,,,,,,,,,9999.99
OGLE53,0.911546968286846,0.2563988367885753,,,2.437011144044266,1.8654376112423336,0.1036490961173285,0.4895401456903459,1.0486982847326858,0.2690079850179421,3.390595137883865,3.536301822707597,,,,,,,,,,9999.99
OGLE6,0.1928053576994878,0.0862278895170394,,,0.3480405318955327,0.1265635865589645,1.0954628558835668,0.3265832069566328,0.5940603000219838,0.1642385134501832,2.6713790929960264,0.2202552700061372,9.5863,9.18164,9.7248,0.0807758,0.002,2.8636422168328037,0.5650306784066679,0.7500306784066679,-1.062625307958549,6.706211656312204
RZ140,1.2523463467679252,0.4353528284181449,,,1.974886787185328,0.8408267291657581,0.7464864871284671,0.4121809055414519,2.342901081209151,0.6903655764050797,3.2108959837451287,0.3194460898374093,9.12988,9.09301,9.17582,0.0853342,0.002,3.1479297175464427,0.2548120946974239,0.4398120946974239,-1.8191341904515164,7.660703433079193
RZ82,1.0697540845555944,0.228716478986496,3.244430729729105,0.6897583187942978,1.3316952756156073,0.3509826601210827,0.7838613730853343,0.250489175991711,1.5548619077106005,0.3085676679681673,3.0178391716231348,0.2207768020272184,,,,,,,,,,9999.99
